Workbook

Sheet Summary
A1: Semantic change detection on SECOND — results summary
A2: What this sheet shows: the headline numbers and findings. Each other sheet explains one part in detail (links at the bottom). All scores are on a held-out test set of 595 image pairs; higher is better.
A3: Key takeaway: The best model (Bi-SRNet-lite + WCE + Dice) reaches test SeK 15.38, 93% higher than the starting model (7.97). Most of the gain comes from the network design; handling class imbalance adds a smaller extra gain.
A5: Key numbers
A6: Measure | B6: Value | C6: Meaning
A7: Starting model: Early Fusion + CE — test SeK (%) | B7: =Architectures!E6 -> 7.9740019 | C7: The simplest design
A8: Best design: Bi-SRNet-lite + CE — test SeK (%) | B8: =Architectures!E8 -> 14.244832 | C8: Best of the 3 designs
A9: Best overall — test SeK (%) | B9: =MAX('Imbalance Techniques'!D6:D15) -> 15.381859 | C9: Best of all 12 runs
A10: Best technique | B10: =INDEX('Imbalance Techniques'!A6:A15,MATCH(B9,'Imbalance Techniques'!D6:D15,0)) -> WCE + Dice | C10: Used on Bi-SRNet-lite
A11: Total improvement over the starting model | B11: =(B9-B7)/B7 -> 0.92900121 | C11: Design + technique
A12: Improvement from the design alone | B12: =(B8-B7)/B7 -> 0.78640947 | C12: Early Fusion → Bi-SRNet-lite
A13: Extra improvement from the best technique | B13: =(B9-B8)/B8 -> 0.079820302 | C13: Same design: plain CE → best technique
A14: Techniques that beat plain CE | B14: =COUNTIF('Imbalance Techniques'!L7:L15,"Yes")&" of 9" -> 6 of 9 | C14: On test SeK
A15: Cross-validation runs finished | B15: ="36 of 36" -> 36 of 36 | C15: 3 folds × 12 configurations
A40: Main findings
A41: # | B41: Finding
A42: 1 | B42: The network design matters most. Moving from Early Fusion to a Siamese design, then adding attention between the two dates (Bi-SRNet-lite), raises SeK from 7.97 to 14.24.
A43: 2 | B43: Handling class imbalance adds a smaller gain. 6 of 9 techniques beat plain CE; the best is WCE + Dice (15.38). Focal loss and rare-class sampling alone did not help; OHEM failed with its default setting.
A44: 3 | B44: Rare classes gain the most: water IoU 0.0 → 23.0, playground 9.7 → 32.9.
A45: 4 | B45: The biggest remaining error is missed changes (changed pixels predicted as 'no change'), not mixing up classes. Imbalance techniques find more changes but also raise false alarms.
A46: 5 | B46: Cross-validation (3 folds) confirms the order of the three designs in every fold. WCE + Dice, CE + Dice, Weighted CE, Median-freq, Class-balanced, WCE + Dice + rare sampling beat plain CE in all 3 folds. Highest mean so far: Bi-SRNet-lite + CE + Dice (14.38 ± 0.31). Techniques this close should be treated as ties.
A47: 6 | B47: Scores are below published papers (e.g. Bi-SRNet 23.22 SeK) because this study uses 256-pixel images, a small ResNet-18 and 20 epochs on a laptop. The comparison inside this study is fair; the one with papers is only a reference.
A49: Sheets in this workbook (click a name to open it)
A50: Sheet | B50: What you will find
A51: Glossary | B51: Plain-language meaning of every term (SeK, IoU, Dice, cross-validation, …)
A52: Dataset | B52: The data and how unbalanced its classes are
A53: Architectures | B53: Phase A: 3 network designs compared
A54: Imbalance Techniques | B54: Phase B: 9 ways of handling rare classes
A55: Per-class IoU | B55: How well each land-cover class is recognised
A56: Error Analysis | B56: What kind of mistakes the models make
A57: Cross-Validation | B57: Are the results stable? (3-fold cross-validation)
A58: Learning Curves | B58: Overfitting or underfitting?
A59: Training History | B59: Validation score after every epoch
A60: Published Comparison | B60: Our scores next to published papers
A61: Predictions | B61: Example outputs of the best model
... A64: Next Steps | B64: Plan towards a publication
A66: Source: results/*.json written by train.py (code: github.com/Chrishabh2002/Second). Scores use the official SECOND metrics; SeK is the main one. Measured values come straight from the result files; gains, ranks, means and counts are Excel formulas.

Sheet Glossary
A1: Glossary: the terms used in this workbook
A2: What this sheet shows: short, plain-language meanings of every technical term.
A3: Key takeaway: SeK is the main score. For every score in this workbook, higher is better (except error and false-alarm rates).
A5: Term | B5: Meaning in plain words | C5: Why it matters here
A6: Semantic change detection | B6: Compare two aerial photos of the same place taken at different times (T1 = before, T2 = after). For every pixel, decide whether it changed and, if so, what it was before and after (e.g. tree → building). | C6: The task this whole project solves.
A7: SECOND dataset | B7: A public benchmark of 2,968 aerial image pairs with 6 land-cover classes: non-vegetated ground, tree, low vegetation, water, building, playground. | C7: Standard dataset, so results can be compared.
A8: Class imbalance | B8: Some classes are much more common than others. Here only 20% of pixels change, and the largest class is 59× bigger than the smallest. | C8: Models tend to ignore rare classes.
A9: OA (overall accuracy) | B9: Share of all pixels given the right label. | C9: Misleading here: predicting 'no change' everywhere already gets about 80%.
A10: IoU | B10: Intersection over union: overlap between the predicted and the true area of a class, 0–100%. | C10: Standard per-class score.
A11: mIoU | B11: Average of the IoU for 'changed' and for 'unchanged'. | C11: Measures how well change is located.
A12: SeK (main score) | B12: Separated kappa: agreement on the changed classes, with the easy 'no change' part removed, scaled by how well change is found. | C12: Official main metric of SECOND; rewards both finding changes and naming the classes correctly.
A13: Fscd | B13: Balance (harmonic mean) of precision and recall of correct classes on changed pixels. | C13: Second official metric.
A14: Precision / recall | B14: Precision: of the pixels the model called 'changed', how many really changed. Recall: of the pixels that really changed, how many the model found. | C14: Shows the trade-off between false alarms and missed changes.
A15: Missed change / false alarm | B15: Missed: a changed pixel predicted as 'no change'. False alarm: an unchanged pixel predicted as changed. | C15: The two main kinds of error.
A16: Architecture | B16: The design of the neural network. | C16: Phase A compares three designs.
... A30: Baseline | B30: The reference to compare against (Early Fusion + CE, or plain CE on the same design). | C30: —

Sheet Dataset
A1: Dataset: SECOND and its class imbalance
A2: What this sheet shows: basic facts about the data and how unbalanced the classes are.
A3: Key takeaway: Only 20% of pixels change, and the largest class is 59× bigger than the smallest. Water and playground are very rare, which makes them hard to learn.
A5: Overview
A6: Item | B6: Value
A7: Image pairs | B7: 2968
A8: Image size used | B8: 256 × 256 pixels (original 512 × 512)
A9: Share of pixels that change | B9: 0.19941098
A10: Unchanged : changed pixels | B10: 4.01
A11: Largest class ÷ smallest class | B11: 59
A12: Types of change (before → after) | B12: 31
A13: Train / validation / test pairs | B13: 2,077 / 296 / 595 (random 70/10/20 split, seed 0)
A15: Share of changed pixels per class
A16: Class | B16: Before (T1) | C16: After (T2) | D16: Images with class (T1) | E16: Images with class (T2)
A17: non-veg ground | B17: 0.429 | C17: 0.2914 | D17: 2801 | E17: 2688
A18: tree | B18: 0.3254 | C18: 0.1699 | D18: 2235 | E18: 2013
A19: low vegetation | B19: 0.0705 | C19: 0.086 | D19: 1187 | E19: 1413
A20: water | B20: 0.0138 | C20: 0.0125 | D20: 506 | E20: 477
A21: building | B21: 0.1574 | C21: 0.4318 | D21: 2393 | E21: 2715
A22: playground | B22: 0.0038 | C22: 0.0084 | D22: 111 | E22: 126
A45: Most common types of change (top 15 of 31)
A46: Change (before → after) | B46: Share of changed pixels
A47: non-veg ground → building | B47: 0.24897
A48: tree → non-veg ground | B48: 0.16249
A49: tree → building | B49: 0.12319
A50: non-veg ground → tree | B50: 0.12282
A51: building → non-veg ground | B51: 0.08215
A52: non-veg ground → low vegetation | B52: 0.04647
A53: building → building | B53: 0.04231
A54: low vegetation → non-veg ground | B54: 0.03899
A55: tree → low vegetation | B55: 0.03146
A56: building → tree | B56: 0.0251
A57: low vegetation → tree | B57: 0.01558
A58: low vegetation → building | B58: 0.01521
... A61: water → tree | B61: 0.00581
A63: The 5 most common changes cover over 70% of all changed pixels; the rarest (for example playground → water) are below 0.01%. The matrix below shows all 31 types.

Sheet Architectures
A1: Phase A: which network design works best?
A2: What this sheet shows: three network designs trained in exactly the same way (same encoder, data split, seed and 20 epochs), all with the standard CE loss.
A3: Key takeaway: Bi-SRNet-lite is best (test SeK 14.24). Changing the design alone raised SeK by 79% over Early Fusion, the biggest improvement in the whole study.
A5: Model | B5: Based on | C5: What it does | D5: Size (million params) | E5: SeK (%) | F5: Fscd (%) | G5: mIoU (%) | H5: OA (%) | I5: Train time (min) | J5: SeK gain vs Early Fusion | K5: Rank (by SeK)
A6: Early Fusion | B6: HRSCD strategy 2 (Daudt et al., 2019) | C6: Puts both images together as one 6-channel input; one network predicts everything | D6: 11.36 | E6: 7.9740019 | F6: 46.122886 | G6: 63.711896 | H6: 84.145987 | I6: 9.5 | J6: =(E6-$E$6)/$E$6 -> 0 | K6: =RANK(E6,$E$6:$E$8) -> 3
A7: SSCD | B7: SSCD-l (Ding et al., 2022) | C7: Siamese: the same encoder reads each image separately; separate change branch | D7: 11.58 | E7: 13.591085 | F7: 52.479666 | G7: 68.015423 | H7: 85.92199 | I7: 21.1 | J7: =(E7-$E$6)/$E$6 -> 0.7044246 | K7: =RANK(E7,$E$6:$E$8) -> 2
A8: Bi-SRNet-lite | B8: Bi-SRNet (Ding et al., 2022) | C8: SSCD + the two images 'look at each other' (attention) + consistency loss | D8: 11.91 | E8: 14.244832 | F8: 53.360468 | G8: 68.650659 | H8: 85.752088 | I8: 22.5 | J8: =(E8-$E$6)/$E$6 -> 0.78640947 | K8: =RANK(E8,$E$6:$E$8) -> 1
A10: All scores are on the test split (595 image pairs the models never saw during training). Green row = design used for Phase B (chosen by validation score, not by test score). Gain and rank are formulas.

Sheet Imbalance Techniques
A1: Phase B: which way of handling rare classes works best?
A2: What this sheet shows: nine techniques for class imbalance, all on Bi-SRNet-lite, compared with the plain CE loss (first row).
A3: Key takeaway: 6 of 9 techniques beat plain CE. Best: WCE + Dice (+8.0% SeK). Focal, CE + rare sampling, OHEM did worse.
A5: Technique | B5: What it does | C5: Paper | D5: SeK (%) | E5: Fscd (%) | F5: mIoU (%) | G5: OA (%) | H5: Water IoU (%) | I5: Playground IoU (%) | J5: SeK change vs CE | K5: Rank (by SeK) | L5: Better than CE?
A6: CE (baseline) | B6: Standard loss, every pixel counts the same | C6: Standard | D6: 14.244832 | E6: 53.360468 | F6: 68.650659 | G6: 85.752088 | H6: 19.62 | I6: 29.79 | J6: =(D6-$D$6)/$D$6 -> 0 | K6: =RANK(D6,$D$6:$D$15) -> 7 | L6: — (baseline)
A7: WCE + Dice | B7: Weighted CE and Dice together | C7: Weighted CE + Milletari et al. | D7: 15.381859 | E7: 53.876614 | F7: 68.968917 | G7: 84.265457 | H7: 22.99 | I7: 32.86 | J7: =(D7-$D$6)/$D$6 -> 0.079820302 | K7: =RANK(D7,$D$6:$D$15) -> 1 | L7: =IF(D7>$D$6,"Yes","No") -> Yes
A8: CE + Dice | B8: Adds a loss that measures overlap, so small classes count more | C8: Milletari et al., 3DV 2016 | D8: 14.665036 | E8: 53.758558 | F8: 68.980628 | G8: 85.032258 | H8: 22.08 | I8: 33.81 | J8: =(D8-$D$6)/$D$6 -> 0.029498669 | K8: =RANK(D8,$D$6:$D$15) -> 2 | L8: =IF(D8>$D$6,"Yes","No") -> Yes
A9: Weighted CE | B9: Rare classes get a bigger weight in the loss | C9: Common practice | D9: 14.523878 | E9: 53.006473 | F9: 68.417006 | G9: 84.041124 | H9: 20.89 | I9: 29.82 | J9: =(D9-$D$6)/$D$6 -> 0.01958922 | K9: =RANK(D9,$D$6:$D$15) -> 3 | L9: =IF(D9>$D$6,"Yes","No") -> Yes
A10: WCE + Dice + rare sampling | B10: WCE + Dice, and rare-class images shown more often | C10: As above + LVIS sampling | D10: 14.37634 | E10: 53.041205 | F10: 68.49812 | G10: 84.219248 | H10: 22.91 | I10: 39.16 | J10: =(D10-$D$6)/$D$6 -> 0.0092319692 | K10: =RANK(D10,$D$6:$D$15) -> 4 | L10: =IF(D10>$D$6,"Yes","No") -> Yes
A11: Median-freq | B11: Class weight = median frequency / class frequency | C11: Eigen & Fergus, ICCV 2015 | D11: 14.360875 | E11: 51.819964 | F11: 68.107501 | G11: 83.12755 | H11: 16.36 | I11: 29.15 | J11: =(D11-$D$6)/$D$6 -> 0.0081463106 | K11: =RANK(D11,$D$6:$D$15) -> 5 | L11: =IF(D11>$D$6,"Yes","No") -> Yes
A12: Class-balanced | B12: Weights from the 'effective number' of samples per class | C12: Cui et al., CVPR 2019 | D12: 14.285006 | E12: 52.398426 | F12: 68.078992 | G12: 83.385475 | H12: 18.73 | I12: 31.61 | J12: =(D12-$D$6)/$D$6 -> 0.0028201917 | K12: =RANK(D12,$D$6:$D$15) -> 6 | L12: =IF(D12>$D$6,"Yes","No") -> Yes
A13: Focal | B13: Pays less attention to pixels that are already easy | C13: Lin et al., ICCV 2017 | D13: 13.891232 | E13: 52.089688 | F13: 66.305452 | G13: 81.583297 | H13: 22.28 | I13: 33.59 | J13: =(D13-$D$6)/$D$6 -> -0.024823056 | K13: =RANK(D13,$D$6:$D$15) -> 8 | L13: =IF(D13>$D$6,"Yes","No") -> No
A14: CE + rare sampling | B14: Same loss; images with rare classes are shown more often | C14: Gupta et al. (LVIS), CVPR 2019 | D14: 13.669997 | E14: 53.139232 | F14: 67.925124 | G14: 85.133286 | H14: 22.01 | I14: 32.67 | J14: =(D14-$D$6)/$D$6 -> -0.040353942 | K14: =RANK(D14,$D$6:$D$15) -> 9 | L14: =IF(D14>$D$6,"Yes","No") -> No
A15: OHEM | B15: Trains only on the hardest 25% of pixels | C15: Shrivastava et al., CVPR 2016 | D15: 3.595207 | E15: 26.771637 | F15: 32.203881 | G15: 43.307841 | H15: 14.56 | I15: 19.03 | J15: =(D15-$D$6)/$D$6 -> -0.74761325 | K15: =RANK(D15,$D$6:$D$15) -> 10 | L15: =IF(D15>$D$6,"Yes","No") -> No
A17: Green row = best technique. 'SeK change vs CE' is relative to the first row (red = worse, green = better). OHEM did not train properly with its default setting (hardest 25% of pixels); this shows that setting failing, not that OHEM can never work. Each technique was trained once; differences below about 0.5 SeK should be treated as ties — see the Cross-Validation sheet.

Sheet Per-class IoU
A1: How well is each land-cover class recognised?
A2: What this sheet shows: the IoU (overlap score, 0–100) of every class for every model and technique. Darker blue means better.
A3: Key takeaway: The rare classes improve the most: water goes from 0.0 (Early Fusion) to 23.0, and playground from 9.7 to 32.9 (best model).
A5: Model + technique | B5: no-change | C5: non-veg ground | D5: tree | E5: low vegetation | F5: water | G5: building | H5: playground
A6: Early Fusion + CE (baseline) | B6: 84.91 | C6: 28.7 | D6: 27.97 | E6: 9.38 | F6: 0.04 | G6: 39.87 | H6: 9.66
A7: SSCD + CE (baseline) | B7: 86.75 | C7: 33.16 | D7: 31.71 | E7: 18.76 | F7: 20.92 | G7: 47.84 | H7: 25.86
A8: Bi-SRNet-lite + CE (baseline) | B8: 86.63 | C8: 34 | D8: 32.09 | E8: 19.01 | F8: 19.62 | G8: 49.31 | H8: 29.79
A9: Bi-SRNet-lite + WCE + Dice | B9: 85.28 | C9: 35.16 | D9: 33.05 | E9: 20.66 | F9: 22.99 | G9: 48.93 | H9: 32.86
A10: Bi-SRNet-lite + CE + Dice | B10: 86 | C10: 34.57 | D10: 32.51 | E10: 19.1 | F10: 22.08 | G10: 49.52 | H10: 33.81
A11: Bi-SRNet-lite + Weighted CE | B11: 85.06 | C11: 34.8 | D11: 32.25 | E11: 19.67 | F11: 20.89 | G11: 47.85 | H11: 29.82
A12: Bi-SRNet-lite + WCE + Dice + rare sampling | B12: 85.24 | C12: 34.42 | D12: 31.57 | E12: 19.39 | F12: 22.91 | G12: 48.8 | H12: 39.16
A13: Bi-SRNet-lite + Median-freq | B13: 84.35 | C13: 34.45 | D13: 31.48 | E13: 18.67 | F13: 16.36 | G13: 46.76 | H13: 29.15
A14: Bi-SRNet-lite + Class-balanced | B14: 84.47 | C14: 34.31 | D14: 31.69 | E14: 19.91 | F14: 18.73 | G14: 47.14 | H14: 31.61
A15: Bi-SRNet-lite + Focal | B15: 82.27 | C15: 33.22 | D15: 31.35 | E15: 20.29 | F15: 22.28 | G15: 46.82 | H15: 33.59
A16: Bi-SRNet-lite + CE + rare sampling | B16: 85.89 | C16: 34.41 | D16: 31.82 | E16: 19.9 | F16: 22.01 | G16: 48.05 | H16: 32.67
A17: Bi-SRNet-lite + OHEM | B17: 38.62 | C17: 13.67 | D17: 16.12 | E17: 12.36 | F17: 14.56 | G17: 17.93 | H17: 19.03
A19: First 3 rows: the three designs with plain CE. Other rows: imbalance techniques on Bi-SRNet-lite, sorted by SeK. 'no-change' is always easy (about 85) because it covers 80% of all pixels.

Sheet Error Analysis
A1: What kind of mistakes do the models make?
A2: What this sheet shows: every truly changed pixel is either given the correct class, the wrong class, or missed (the model says 'no change'). A false alarm is an unchanged pixel marked as changed.
A3: Key takeaway: Missing a change is the biggest mistake in 11 of 12 runs. Imbalance techniques find more changes (higher recall) but also raise more false alarms (lower precision).
A5: Model + technique | B5: Changed pixels (truth) | C5: Correct class | D5: Wrong class | E5: Missed change | F5: Unchanged pixels (truth) | G5: False alarms | H5: Correct % | I5: Wrong class % | J5: Missed % | K5: False alarm % | L5: Change precision | M5: Change recall
A6: Early Fusion + CE (baseline) | B6: 15173982 | C6: 6052960 | D6: 1776978 | E6: 7344044 | F6: 62813858 | G6: 3243180 | H6: =C6/B6 -> 0.39890386 | I6: =D6/B6 -> 0.1171069 | J6: =E6/B6 -> 0.48398924 | K6: =G6/F6 -> 0.0516316 | L6: =(C6+D6)/(C6+D6+G6) -> 0.70711231 | M6: =(C6+D6)/B6 -> 0.51601076
A7: SSCD + CE (baseline) | B7: 15173982 | C7: 7070016 | D7: 1824662 | E7: 6279304 | F7: 62813858 | G7: 2875170 | H7: =C7/B7 -> 0.46593017 | I7: =D7/B7 -> 0.12024938 | J7: =E7/B7 -> 0.41382045 | K7: =G7/F7 -> 0.045772861 | L7: =(C7+D7)/(C7+D7+G7) -> 0.75571732 | M7: =(C7+D7)/B7 -> 0.58617955
A8: Bi-SRNet-lite + CE (baseline) | B8: 15173982 | C8: 7469291 | D8: 1945377 | E8: 5759314 | F8: 62813858 | G8: 3406948 | H8: =C8/B8 -> 0.4922433 | I8: =D8/B8 -> 0.12820478 | J8: =E8/B8 -> 0.37955192 | K8: =G8/F8 -> 0.054238796 | L8: =(C8+D8)/(C8+D8+G8) -> 0.73428092 | M8: =(C8+D8)/B8 -> 0.62044808
A9: Bi-SRNet-lite + WCE + Dice | B9: 15173982 | C9: 8571258 | D9: 2404556 | E9: 4198168 | F9: 62813858 | G9: 5668306 | H9: =C9/B9 -> 0.56486544 | I9: =D9/B9 -> 0.15846572 | J9: =E9/B9 -> 0.27666884 | K9: =G9/F9 -> 0.090239737 | L9: =(C9+D9)/(C9+D9+G9) -> 0.65944093 | M9: =(C9+D9)/B9 -> 0.72333116
A10: Bi-SRNet-lite + CE + Dice | B10: 15173982 | C10: 8059927 | D10: 2192779 | E10: 4921276 | F10: 62813858 | G10: 4558964 | H10: =C10/B10 -> 0.53116756 | I10: =D10/B10 -> 0.14450913 | J10: =E10/B10 -> 0.32432331 | K10: =G10/F10 -> 0.072578952 | L10: =(C10+D10)/(C10+D10+G10) -> 0.69220459 | M10: =(C10+D10)/B10 -> 0.67567669
A11: Bi-SRNet-lite + Weighted CE | B11: 15173982 | C11: 8375467 | D11: 2404759 | E11: 4393756 | F11: 62813858 | G11: 5647468 | H11: =C11/B11 -> 0.55196237 | I11: =D11/B11 -> 0.1584791 | J11: =E11/B11 -> 0.28955854 | K11: =G11/F11 -> 0.089907995 | L11: =(C11+D11)/(C11+D11+G11) -> 0.65622272 | M11: =(C11+D11)/B11 -> 0.71044146
A12: Bi-SRNet-lite + WCE + Dice + rare sampling | B12: 15173982 | C12: 8289262 | D12: 2370342 | E12: 4514378 | F12: 62813858 | G12: 5422348 | H12: =C12/B12 -> 0.54628126 | I12: =D12/B12 -> 0.15621094 | J12: =E12/B12 -> 0.2975078 | K12: =G12/F12 -> 0.086324072 | L12: =(C12+D12)/(C12+D12+G12) -> 0.66283023 | M12: =(C12+D12)/B12 -> 0.7024922
A13: Bi-SRNet-lite + Median-freq | B13: 15173982 | C13: 8536483 | D13: 2715271 | E13: 3922228 | F13: 62813858 | G13: 6520960 | H13: =C13/B13 -> 0.56257369 | I13: =D13/B13 -> 0.17894255 | J13: =E13/B13 -> 0.25848377 | K13: =G13/F13 -> 0.10381403 | L13: =(C13+D13)/(C13+D13+G13) -> 0.63309149 | M13: =(C13+D13)/B13 -> 0.74151623
A14: Bi-SRNet-lite + Class-balanced | B14: 15173982 | C14: 8545751 | D14: 2569539 | E14: 4058692 | F14: 62813858 | G14: 6329078 | H14: =C14/B14 -> 0.56318447 | I14: =D14/B14 -> 0.16933848 | J14: =E14/B14 -> 0.26747705 | K14: =G14/F14 -> 0.10075926 | L14: =(C14+D14)/(C14+D14+G14) -> 0.63718502 | M14: =(C14+D14)/B14 -> 0.73252295
A15: Bi-SRNet-lite + Focal | B15: 15173982 | C15: 9243435 | D15: 2640801 | E15: 3289746 | F15: 62813858 | G15: 8432242 | H15: =C15/B15 -> 0.60916344 | I15: =D15/B15 -> 0.17403481 | J15: =E15/B15 -> 0.21680176 | K15: =G15/F15 -> 0.13424175 | L15: =(C15+D15)/(C15+D15+G15) -> 0.58495552 | M15: =(C15+D15)/B15 -> 0.78319824
A16: Bi-SRNet-lite + CE + rare sampling | B16: 15173982 | C16: 7679227 | D16: 1949605 | E16: 5545150 | F16: 62813858 | G16: 4099474 | H16: =C16/B16 -> 0.50607856 | I16: =D16/B16 -> 0.12848341 | J16: =E16/B16 -> 0.36543802 | K16: =G16/F16 -> 0.065263847 | L16: =(C16+D16)/(C16+D16+G16) -> 0.7013853 | M16: =(C16+D16)/B16 -> 0.63456198
A17: Bi-SRNet-lite + OHEM | B17: 15173982 | C17: 8951836 | D17: 4758860 | E17: 1463286 | F17: 62813858 | G17: 37990844 | H17: =C17/B17 -> 0.5899464 | I17: =D17/B17 -> 0.31361972 | J17: =E17/B17 -> 0.096433883 | K17: =G17/F17 -> 0.60481628 | L17: =(C17+D17)/(C17+D17+G17) -> 0.26518932 | M17: =(C17+D17)/B17 -> 0.90356612
A19: Pixel counts come from each run's test confusion matrix (both dates together). The percentage columns are formulas. Orange shading = share of changes that were missed.

Sheet Cross-Validation
A1: Are the results stable? (3-fold cross-validation)
A2: What this sheet shows: each configuration is trained 3 times on different parts of the training data (1,582 train / 791 validation pairs each time) and scored on the same test split. Finished: 36 of 36 runs.
A3: Key takeaway: The order of the three designs holds in every fold. WCE + Dice, CE + Dice, Weighted CE, Median-freq, Class-balanced, WCE + Dice + rare sampling beat plain CE in all 3 folds. Highest mean so far: Bi-SRNet-lite + CE + Dice (14.38 ± 0.31). Techniques within about 0.3 SeK of each other are effectively tied.
A5: Configuration | B5: Fold 1 | C5: Fold 2 | D5: Fold 3 | E5: Folds done | F5: Mean test SeK | G5: Std | H5: Mean val SeK | I5: Mean train SeK | J5: Gap (train − val) | K5: Val-loss rise | L5: Beats reference in | M5: Fit diagnosis
A6: Early Fusion + CE (baseline) | B6: 6.6452463 | C6: 6.7741994 | D6: 6.8154709 | E6: =COUNT(B6:D6) -> 3 | F6: =IF(E6>0,AVERAGE(B6:D6),"—") -> 6.7449722 | G6: =IF(E6>1,STDEV(B6:D6),"—") -> 0.088796261 | H6: 7.0340943 | I6: 11.781339 | J6: =IF(AND(ISNUMBER(I6),ISNUMBER(H6)),I6-H6,"—") -> 4.7472448 | K6: 0.0042825196 | L6: — (reference) | M6: Mild overfitting
A7: SSCD + CE (baseline) | B7: 13.386003 | C7: 12.917663 | D7: 12.611089 | E7: =COUNT(B7:D7) -> 3 | F7: =IF(E7>0,AVERAGE(B7:D7),"—") -> 12.971585 | G7: =IF(E7>1,STDEV(B7:D7),"—") -> 0.39026065 | H7: 13.37635 | I7: 25.173453 | J7: =IF(AND(ISNUMBER(I7),ISNUMBER(H7)),I7-H7,"—") -> 11.797103 | K7: 0.027500431 | L7: =IF(AND(E7=3,E6=3),((B7>B6)+(C7>C6)+(D7>D6))&" of 3 folds","—") -> 3 of 3 folds | M7: Mild overfitting; best epoch was the last, so more epochs may help
A8: Bi-SRNet-lite + CE (baseline) | B8: 14.003732 | C8: 13.49485 | D8: 13.160455 | E8: =COUNT(B8:D8) -> 3 | F8: =IF(E8>0,AVERAGE(B8:D8),"—") -> 13.553012 | G8: =IF(E8>1,STDEV(B8:D8),"—") -> 0.42463684 | H8: 14.391154 | I8: 23.160376 | J8: =IF(AND(ISNUMBER(I8),ISNUMBER(H8)),I8-H8,"—") -> 8.7692221 | K8: 0.0083819526 | L8: =IF(AND(E8=3,E6=3),((B8>B6)+(C8>C6)+(D8>D6))&" of 3 folds","—") -> 3 of 3 folds | M8: Mild overfitting
A9: Bi-SRNet-lite + WCE + Dice | B9: 14.467192 | C9: 14.10384 | D9: 14.196172 | E9: =COUNT(B9:D9) -> 3 | F9: =IF(E9>0,AVERAGE(B9:D9),"—") -> 14.255735 | G9: =IF(E9>1,STDEV(B9:D9),"—") -> 0.18885718 | H9: 14.960285 | I9: 24.178087 | J9: =IF(AND(ISNUMBER(I9),ISNUMBER(H9)),I9-H9,"—") -> 9.2178012 | K9: 0.0026993951 | L9: =IF(AND(E9=3,E8=3),((B9>B8)+(C9>C8)+(D9>D8))&" of 3 folds","—") -> 3 of 3 folds | M9: Mild overfitting; best epoch was the last, so more epochs may help
A10: Bi-SRNet-lite + CE + Dice | B10: 14.731004 | C10: 14.171229 | D10: 14.233875 | E10: =COUNT(B10:D10) -> 3 | F10: =IF(E10>0,AVERAGE(B10:D10),"—") -> 14.378702 | G10: =IF(E10>1,STDEV(B10:D10),"—") -> 0.30670565 | H10: 14.973659 | I10: 24.509741 | J10: =IF(AND(ISNUMBER(I10),ISNUMBER(H10)),I10-H10,"—") -> 9.5360823 | K10: 0.0040749391 | L10: =IF(AND(E10=3,E8=3),((B10>B8)+(C10>C8)+(D10>D8))&" of 3 folds","—") -> 3 of 3 folds | M10: Mild overfitting; best epoch was the last, so more epochs may help
A11: Bi-SRNet-lite + Weighted CE | B11: 14.646645 | C11: 14.261483 | D11: 14.142117 | E11: =COUNT(B11:D11) -> 3 | F11: =IF(E11>0,AVERAGE(B11:D11),"—") -> 14.350082 | G11: =IF(E11>1,STDEV(B11:D11),"—") -> 0.26367487 | H11: 14.887442 | I11: 22.947507 | J11: =IF(AND(ISNUMBER(I11),ISNUMBER(H11)),I11-H11,"—") -> 8.060065 | K11: 0.0094385034 | L11: =IF(AND(E11=3,E8=3),((B11>B8)+(C11>C8)+(D11>D8))&" of 3 folds","—") -> 3 of 3 folds | M11: Mild overfitting
A12: Bi-SRNet-lite + Median-freq | B12: 14.206697 | C12: 13.569429 | D12: 13.419139 | E12: =COUNT(B12:D12) -> 3 | F12: =IF(E12>0,AVERAGE(B12:D12),"—") -> 13.731755 | G12: =IF(E12>1,STDEV(B12:D12),"—") -> 0.41811999 | H12: 14.395247 | I12: 20.999791 | J12: =IF(AND(ISNUMBER(I12),ISNUMBER(H12)),I12-H12,"—") -> 6.6045438 | K12: 0.013023084 | L12: =IF(AND(E12=3,E8=3),((B12>B8)+(C12>C8)+(D12>D8))&" of 3 folds","—") -> 3 of 3 folds | M12: Mild overfitting
A13: Bi-SRNet-lite + Class-balanced | B13: 14.37406 | C13: 14.384287 | D13: 13.687038 | E13: =COUNT(B13:D13) -> 3 | F13: =IF(E13>0,AVERAGE(B13:D13),"—") -> 14.148462 | G13: =IF(E13>1,STDEV(B13:D13),"—") -> 0.39963735 | H13: 14.747272 | I13: 22.093792 | J13: =IF(AND(ISNUMBER(I13),ISNUMBER(H13)),I13-H13,"—") -> 7.3465197 | K13: 0.0093184402 | L13: =IF(AND(E13=3,E8=3),((B13>B8)+(C13>C8)+(D13>D8))&" of 3 folds","—") -> 3 of 3 folds | M13: Mild overfitting
A14: Bi-SRNet-lite + Focal | B14: 13.340321 | C14: 13.436391 | D14: 13.271315 | E14: =COUNT(B14:D14) -> 3 | F14: =IF(E14>0,AVERAGE(B14:D14),"—") -> 13.349342 | G14: =IF(E14>1,STDEV(B14:D14),"—") -> 0.082906872 | H14: 13.985771 | I14: 20.732906 | J14: =IF(AND(ISNUMBER(I14),ISNUMBER(H14)),I14-H14,"—") -> 6.7471344 | K14: 0.010058701 | L14: =IF(AND(E14=3,E8=3),((B14>B8)+(C14>C8)+(D14>D8))&" of 3 folds","—") -> 1 of 3 folds | M14: Mild overfitting
A15: Bi-SRNet-lite + CE + rare sampling | B15: 13.335171 | C15: 13.200477 | D15: 13.367328 | E15: =COUNT(B15:D15) -> 3 | F15: =IF(E15>0,AVERAGE(B15:D15),"—") -> 13.300992 | G15: =IF(E15>1,STDEV(B15:D15),"—") -> 0.088520909 | H15: 13.881175 | I15: 22.377567 | J15: =IF(AND(ISNUMBER(I15),ISNUMBER(H15)),I15-H15,"—") -> 8.4963923 | K15: 0.013012785 | L15: =IF(AND(E15=3,E8=3),((B15>B8)+(C15>C8)+(D15>D8))&" of 3 folds","—") -> 1 of 3 folds | M15: Mild overfitting
A16: Bi-SRNet-lite + WCE + Dice + rare sampling | B16: 14.116776 | C16: 13.717632 | D16: 13.437701 | E16: =COUNT(B16:D16) -> 3 | F16: =IF(E16>0,AVERAGE(B16:D16),"—") -> 13.757369 | G16: =IF(E16>1,STDEV(B16:D16),"—") -> 0.34127685 | H16: 14.528049 | I16: 23.016556 | J16: =IF(AND(ISNUMBER(I16),ISNUMBER(H16)),I16-H16,"—") -> 8.4885075 | K16: 0.013119344 | L16: =IF(AND(E16=3,E8=3),((B16>B8)+(C16>C8)+(D16>D8))&" of 3 folds","—") -> 3 of 3 folds | M16: Mild overfitting
A17: Bi-SRNet-lite + OHEM | B17: 3.0163967 | C17: 3.4824493 | D17: 3.5231324 | E17: =COUNT(B17:D17) -> 3 | F17: =IF(E17>0,AVERAGE(B17:D17),"—") -> 3.3406595 | G17: =IF(E17>1,STDEV(B17:D17),"—") -> 0.28155556 | H17: 3.3278828 | I17: 4.5255888 | J17: =IF(AND(ISNUMBER(I17),ISNUMBER(H17)),I17-H17,"—") -> 1.197706 | K17: 0.0023189606 | L17: =IF(AND(E17=3,E8=3),((B17>B8)+(C17>C8)+(D17>D8))&" of 3 folds","—") -> 0 of 3 folds | M17: Failed to learn
A19: Reference: the three designs are compared with Early Fusion; the techniques with Bi-SRNet-lite + CE. 'Beats reference' counts the folds where the configuration scored higher. Fit diagnosis rules (averaged over folds): Overfitting = validation loss ends more than 10% above its lowest value AND train SeK is more than 3 points above validation SeK; Mild overfitting = only one of the two; Underfitting = validation SeK still rising by more than 0.15 per epoch with a gap below 2; Failed = best validation SeK below 5. These thresholds were chosen for this study. CV models train on fewer images (1,582) than the main runs (2,077), so their scores are slightly lower; CV is used for stability and ranking.
A80: Every fold in detail
A81: Configuration | B81: Fold | C81: Best epoch | D81: Train SeK | E81: Val SeK | F81: Test SeK | G81: Test Fscd | H81: Test mIoU | I81: Test OA
A82: Early Fusion + CE (baseline) | B82: 1 | C82: 17 | D82: 11.652524 | E82: 6.7370396 | F82: 6.6452463 | G82: 43.729967 | H82: 62.423471 | I82: 84.020534
A83: Early Fusion + CE (baseline) | B83: 2 | C83: 18 | D83: 12.203442 | E83: 7.073142 | F83: 6.7741994 | G83: 44.981132 | H83: 62.996496 | I83: 83.414281
A84: Early Fusion + CE (baseline) | B84: 3 | C84: 15 | D84: 11.488051 | E84: 7.2921014 | F84: 6.8154709 | G84: 44.617154 | H84: 62.933911 | I84: 83.6495
A85: SSCD + CE (baseline) | B85: 1 | C85: 20 | D85: 25.205969 | E85: 13.549966 | F85: 13.386003 | G85: 52.148819 | H85: 68.104641 | I85: 85.896173
A86: SSCD + CE (baseline) | B86: 2 | C86: 20 | D86: 24.97821 | E86: 12.574419 | F86: 12.917663 | G86: 51.713083 | H86: 67.672036 | I86: 85.672075
A87: SSCD + CE (baseline) | B87: 3 | C87: 20 | D87: 25.336179 | E87: 14.004664 | F87: 12.611089 | G87: 51.151244 | H87: 67.465089 | I87: 85.642024
A88: Bi-SRNet-lite + CE (baseline) | B88: 1 | C88: 20 | D88: 23.785327 | E88: 14.659335 | F88: 14.003732 | G88: 53.262467 | H88: 68.301464 | I88: 85.972685
A89: Bi-SRNet-lite + CE (baseline) | B89: 2 | C89: 14 | D89: 21.972657 | E89: 13.768191 | F89: 13.49485 | G89: 52.872084 | H89: 67.896584 | I89: 85.62857
A90: Bi-SRNet-lite + CE (baseline) | B90: 3 | C90: 20 | D90: 23.723143 | E90: 14.745934 | F90: 13.160455 | G90: 52.229497 | H90: 67.566762 | I90: 85.757589
A91: Bi-SRNet-lite + WCE + Dice | B91: 1 | C91: 20 | D91: 23.929419 | E91: 15.200325 | F91: 14.467192 | G91: 53.052885 | H91: 68.450489 | I91: 83.869011
A92: Bi-SRNet-lite + WCE + Dice | B92: 2 | C92: 20 | D92: 23.414102 | E92: 14.255434 | F92: 14.10384 | G92: 52.658639 | H92: 68.125986 | I92: 83.726485
A93: Bi-SRNet-lite + WCE + Dice | B93: 3 | C93: 20 | D93: 25.190738 | E93: 15.425097 | F93: 14.196172 | G93: 52.600912 | H93: 68.147768 | I93: 83.68454
... A117: Bi-SRNet-lite + OHEM | B117: 3 | C117: 17 | D117: 4.6845033 | E117: 3.8508106 | F117: 3.5231324 | G117: 29.826863 | H117: 39.866956 | I117: 53.788176

Sheet Learning Curves
A1: Overfitting or underfitting? (train vs validation curves)
A2: What this sheet shows: the score on training data (orange) and on unseen validation data (blue) after every epoch, averaged over the 3 folds. A growing gap between the two lines means overfitting; both lines low or still climbing means underfitting.
A3: Key takeaway: 11 × mild overfitting, 1 × failed to learn. In every configuration the training score keeps rising while the validation score grows only slowly after about 12–15 epochs. More data or regularisation should help more than simply training longer.
A81: Curve data (mean of 3 folds)
A82: Epoch | B82: Early Fusion + CE: train SeK | C82: Early Fusion + CE: val SeK | D82: SSCD + CE: train SeK | E82: SSCD + CE: val SeK | F82: BiSR + CE: train SeK | G82: BiSR + CE: val SeK | H82: BiSR + WCE + Dice: train SeK | I82: BiSR + WCE + Dice: val SeK | J82: BiSR + CE + Dice: train SeK | K82: BiSR + CE + Dice: val SeK | L82: BiSR + Weighted CE: train SeK | M82: BiSR + Weighted CE: val SeK | N82: BiSR + Median-freq: train SeK | O82: BiSR + Median-freq: val SeK | P82: BiSR + Class-balanced: train SeK | Q82: BiSR + Class-balanced: val SeK | R82: BiSR + Focal: train SeK | S82: BiSR + Focal: val SeK | T82: BiSR + CE + rare sampling: train SeK | U82: BiSR + CE + rare sampling: val SeK | V82: BiSR + WCE + Dice + rare sampling: train SeK | W82: BiSR + WCE + Dice + rare sampling: val SeK | X82: BiSR + OHEM: train SeK | Y82: BiSR + OHEM: val SeK
A83: 1 | B83: -8.0198402 | C83: -9.0853708 | D83: 1.5178276 | E83: 0.34047616 | F83: 1.6792105 | G83: 0.5091279 | H83: 4.4413459 | I83: 3.2792261 | J83: 3.6635395 | K83: 2.4965668 | L83: 3.0095048 | M83: 1.8940169 | N83: 2.093546 | O83: 1.0811847 | P83: 2.7415394 | Q83: 1.6817265 | R83: 2.7028301 | S83: 1.6699302 | T83: 1.3301048 | U83: 0.018912487 | V83: 3.8655803 | W83: 2.6669786 | X83: -5.0665523 | Y83: -5.3260425
A84: 2 | B84: -1.7287051 | C84: -2.3086143 | D84: 8.8991153 | E84: 7.5053258 | F84: 8.7876356 | G84: 7.4729831 | H84: 10.167314 | I84: 8.5213362 | J84: 10.358725 | K84: 8.6046582 | L84: 9.9099332 | M84: 8.2925454 | N84: 8.4611366 | O84: 7.028336 | P84: 9.2626907 | Q84: 7.7521897 | R84: 8.8432882 | S84: 6.8901338 | T84: 8.8757513 | U84: 6.9347592 | V84: 10.078598 | W84: 7.6913989 | X84: -3.9121245 | Y84: -4.814937
A85: 3 | B85: 0.40086473 | C85: -0.22312515 | D85: 10.8221 | E85: 9.1780448 | F85: 10.863343 | G85: 9.2793373 | H85: 12.134078 | I85: 10.094012 | J85: 12.246159 | K85: 10.123636 | L85: 12.23218 | M85: 10.185484 | N85: 10.548197 | O85: 8.7169368 | P85: 11.473029 | Q85: 9.6213825 | R85: 10.680721 | S85: 8.6494014 | T85: 11.309553 | U85: 8.9698672 | V85: 12.290335 | W85: 9.6632517 | X85: -2.224997 | Y85: -3.1760673
A86: 4 | B86: 2.2790098 | C86: 1.1899292 | D86: 13.435172 | E86: 10.606435 | F86: 13.22946 | G86: 10.462937 | H86: 14.482946 | I86: 11.561992 | J86: 14.262113 | K86: 11.508173 | L86: 14.010858 | M86: 11.312065 | N86: 13.093315 | O86: 10.650885 | P86: 13.599716 | Q86: 11.049774 | R86: 12.345322 | S86: 9.8912933 | T86: 13.757463 | U86: 10.82221 | V86: 13.987549 | W86: 10.993488 | X86: 0.13122228 | Y86: -0.99724304
A87: 5 | B87: 3.9120078 | C87: 2.5541649 | D87: 14.955241 | E87: 11.217688 | F87: 14.473018 | G87: 11.22846 | H87: 15.127907 | I87: 11.896741 | J87: 15.258656 | K87: 11.681983 | L87: 14.890802 | M87: 11.815835 | N87: 13.2534 | O87: 10.503565 | P87: 13.91107 | Q87: 11.216945 | R87: 12.822175 | S87: 10.212971 | T87: 13.505865 | U87: 10.188482 | V87: 14.159854 | W87: 11.242308 | X87: -0.61819867 | Y87: -1.0001602
A88: 6 | B88: 3.253363 | C88: 2.0246298 | D88: 14.613365 | E88: 11.047088 | F88: 14.236691 | G88: 11.082342 | H88: 16.01857 | I88: 12.355354 | J88: 15.989682 | K88: 12.280566 | L88: 15.560663 | M88: 12.032953 | N88: 14.378369 | O88: 11.24225 | P88: 15.199416 | Q88: 11.897702 | R88: 14.360158 | S88: 11.345074 | T88: 15.557373 | U88: 11.92992 | V88: 15.4298 | W88: 12.209552 | X88: 1.3600423 | Y88: 0.59569392
A89: 7 | B89: 5.2766702 | C89: 3.4865718 | D89: 16.974219 | E89: 12.451046 | F89: 16.569034 | G89: 12.543206 | H89: 16.419833 | I89: 12.685201 | J89: 17.130329 | K89: 12.889967 | L89: 15.865234 | M89: 12.426284 | N89: 15.385094 | O89: 12.007225 | P89: 15.717309 | Q89: 12.236525 | R89: 14.154911 | S89: 11.35471 | T89: 15.822618 | U89: 11.768035 | V89: 16.545296 | W89: 12.373916 | X89: -1.0363888 | Y89: -1.5382508
A90: 8 | B90: 7.3607698 | C90: 4.8176405 | D90: 18.144537 | E90: 12.459861 | F90: 17.582643 | G90: 12.740558 | H90: 18.146572 | I90: 13.47185 | J90: 18.532023 | K90: 13.46255 | L90: 17.567172 | M90: 13.177107 | N90: 16.205502 | O90: 12.402248 | P90: 16.951761 | Q90: 12.8609 | R90: 15.574443 | S90: 11.928017 | T90: 16.487785 | U90: 12.268146 | V90: 16.972306 | W90: 12.713757 | X90: 0.69158927 | Y90: -0.053421577
A91: 9 | B91: 7.0987957 | C91: 4.8029875 | D91: 18.473489 | E91: 12.532846 | F91: 17.859683 | G91: 12.933194 | H91: 18.840603 | I91: 13.636301 | J91: 19.519694 | K91: 13.805063 | L91: 18.668164 | M91: 13.487998 | N91: 16.596855 | O91: 12.692368 | P91: 17.529232 | Q91: 13.149193 | R91: 16.586644 | S91: 12.344964 | T91: 17.355625 | U91: 12.641494 | V91: 17.843603 | W91: 13.223077 | X91: 1.851187 | Y91: 1.1641163
A92: 10 | B92: 6.7142417 | C92: 4.3183531 | D92: 18.502464 | E92: 11.919787 | F92: 18.207683 | G92: 12.851819 | H92: 19.665297 | I92: 13.877505 | J92: 20.018223 | K92: 13.936526 | L92: 19.283733 | M92: 13.59788 | N92: 17.280009 | O92: 12.937334 | P92: 18.011802 | Q92: 13.29181 | R92: 16.809049 | S92: 12.50356 | T92: 17.118178 | U92: 11.797625 | V92: 18.434067 | W92: 12.988919 | X92: -1.5009915 | Y92: -1.9100245
A93: 11 | B93: 7.6044261 | C93: 4.7958972 | D93: 19.44774 | E93: 11.98753 | F93: 18.78459 | G93: 12.761556 | H93: 20.203439 | I93: 13.854857 | J93: 20.164889 | K93: 13.634805 | L93: 19.371367 | M93: 13.733009 | N93: 17.343806 | O93: 12.736388 | P93: 18.492822 | Q93: 13.348549 | R93: 17.490247 | S93: 12.574893 | T93: 18.96092 | U93: 13.08173 | V93: 18.891001 | W93: 13.206822 | X93: 1.9517829 | Y93: 0.81760329
A94: 12 | B94: 9.4108379 | C94: 6.1983277 | D94: 21.50849 | E94: 12.950882 | F94: 20.395722 | G94: 13.590362 | H94: 21.070863 | I94: 14.271965 | J94: 21.453039 | K94: 14.355635 | L94: 20.481422 | M94: 14.179898 | N94: 18.372718 | O94: 13.566447 | P94: 19.520358 | Q94: 14.071659 | R94: 17.931346 | S94: 13.011218 | T94: 19.207828 | U94: 13.028395 | V94: 19.917457 | W94: 13.818844 | X94: -0.51768395 | Y94: -1.2544628
... A102: 20 | B102: 12.006339 | C102: 6.8285831 | D102: 25.173453 | E102: 13.37635 | F102: 23.660221 | G102: 14.301018 | H102: 24.178087 | I102: 14.960285 | J102: 24.509741 | K102: 14.973659 | L102: 23.08605 | M102: 14.862194 | N102: 21.001775 | O102: 14.394844 | P102: 22.148208 | Q102: 14.726648 | R102: 20.420729 | S102: 13.834516 | T102: 22.059697 | U102: 13.60312 | V102: 22.717054 | W102: 14.25408 | X102: 3.0018328 | Y102: 1.769338

Sheet Training History
A1: Validation score during training (main runs)
A2: What this sheet shows: the validation SeK after every epoch for the 12 main runs. The epoch with the best validation SeK was kept and scored once on the test split.
A3: Key takeaway: Siamese designs learn faster and reach higher scores than Early Fusion; all runs level off in the last few epochs.
A29: Epoch | B29: Early Fusion + CE (baseline) | C29: SSCD + CE (baseline) | D29: BiSR + CE (baseline) | E29: BiSR + WCE + Dice | F29: BiSR + CE + Dice | G29: BiSR + Weighted CE | H29: BiSR + WCE + Dice + rare sampling | I29: BiSR + Median-freq | J29: BiSR + Class-balanced | K29: BiSR + Focal | L29: BiSR + CE + rare sampling | M29: BiSR + OHEM
A30: 1 | B30: -7.7927458 | C30: 0.80745553 | D30: 1.2968593 | E30: 2.6973373 | F30: 1.2881292 | G30: 1.4752847 | H30: 2.150502 | I30: 0.82856783 | J30: 1.3701139 | K30: 2.1696841 | L30: 1.8660808 | M30: -6.6279463
A31: 2 | B31: -0.94757239 | C31: 7.1382483 | D31: 7.3528592 | E31: 7.7081338 | F31: 7.8440105 | G31: 8.2537318 | H31: 9.3680509 | I31: 6.4967234 | J31: 7.2296088 | K31: 7.3759564 | L31: 8.7239567 | M31: -1.8648729
A32: 3 | B32: 0.35157845 | C32: 8.4333279 | D32: 8.3326564 | E32: 9.6782188 | F32: 9.1413062 | G32: 9.8418649 | H32: 11.099386 | I32: 6.7443165 | J32: 8.4836674 | K32: 8.2968495 | L32: 10.12246 | M32: -6.565458
A33: 4 | B33: 1.706507 | C33: 10.630605 | D33: 10.997116 | E33: 12.295272 | F33: 11.476848 | G33: 12.09288 | H33: 11.596743 | I33: 10.590745 | J33: 11.54745 | K33: 10.587858 | L33: 10.341085 | M33: -2.4263768
A34: 5 | B34: 4.2681954 | C34: 11.38579 | D34: 12.025332 | E34: 12.681832 | F34: 13.118266 | G34: 12.995642 | H34: 12.014339 | I34: 11.377067 | J34: 11.385401 | K34: 12.179209 | L34: 11.586606 | M34: -5.0282524
A35: 6 | B35: 4.5269901 | C35: 11.988204 | D35: 12.213852 | E35: 13.031055 | F35: 14.10478 | G35: 13.456135 | H35: 12.601284 | I35: 12.381853 | J35: 12.981503 | K35: 12.204769 | L35: 11.368353 | M35: 1.5814529
A36: 7 | B36: 4.520316 | C36: 11.85767 | D36: 12.002636 | E36: 13.264319 | F36: 13.074868 | G36: 13.247623 | H36: 12.846922 | I36: 12.676675 | J36: 12.888776 | K36: 12.514159 | L36: 12.463145 | M36: 2.8527744
A37: 8 | B37: 5.2115153 | C37: 12.304683 | D37: 11.972505 | E37: 12.355196 | F37: 13.268702 | G37: 11.542569 | H37: 13.558584 | I37: 10.990104 | J37: 10.677654 | K37: 9.7080137 | L37: 12.102002 | M37: -1.2547562
A38: 9 | B38: 5.8851275 | C38: 13.383406 | D38: 13.466868 | E38: 14.394324 | F38: 14.416572 | G38: 14.053651 | H38: 13.741073 | I38: 13.538471 | J38: 13.812465 | K38: 13.27081 | L38: 12.927312 | M38: 2.7381433
A39: 10 | B39: 6.3000218 | C39: 13.013163 | D39: 12.850603 | E39: 14.325625 | F39: 13.770583 | G39: 13.975164 | H39: 13.618035 | I39: 13.205503 | J39: 13.790875 | K39: 12.6314 | L39: 13.06191 | M39: 3.8507814
A40: 11 | B40: 7.0845484 | C40: 13.4301 | D40: 13.526045 | E40: 15.105472 | F40: 14.968475 | G40: 15.212268 | H40: 14.279156 | I40: 14.300583 | J40: 14.073307 | K40: 14.025562 | L40: 13.294275 | M40: 3.2164125
A41: 12 | B41: 6.0234086 | C41: 12.190845 | D41: 12.284812 | E41: 14.484207 | F41: 13.940067 | G41: 13.999857 | H41: 14.540028 | I41: 13.449263 | J41: 13.920811 | K41: 13.352281 | L41: 13.489209 | M41: 1.2478988
... A49: 20 | B49: 8.2933778 | C49: 13.593364 | D49: 14.345627 | E49: 15.486716 | F49: 15.008384 | G49: 15.537278 | H49: 14.968142 | I49: 14.590817 | J49: 15.17027 | K49: 14.507587 | L49: 14.071792 | M49: 2.3875598

Sheet Published Comparison
A1: How do our scores compare with published papers?
A2: What this sheet shows: our results next to results reported in papers on SECOND. The papers use 512 × 512 images, bigger networks and longer training, so this is a reference, not a like-for-like contest.
A3: Key takeaway: Our models reach 61%–75% of the published score of the same design, using ¼ of the pixels, a small ResNet-18 and 20 epochs on a laptop. The order of the designs matches the papers.
A5: Method | B5: Setting | C5: OA (%) | D5: mIoU (%) | E5: SeK (%) | F5: Fscd (%) | G5: Share of published SeK
A6: HRSCD-str.2 | B6: Published (512 px) | C6: 85.49 | D6: 64.43 | E6: 10.69 | F6: 49.22 | G6: —
A7: HRSCD-str.4 | B7: Published (512 px) | C7: 86.62 | D7: 71.15 | E7: 18.8 | F7: 58.21 | G7: —
A8: SSCD-l | B8: Published (512 px) | C8: 87.19 | D8: 72.6 | E8: 21.86 | F8: 61.22 | G8: —
A9: Bi-SRNet | B9: Published (512 px) | C9: 87.84 | D9: 73.41 | E9: 23.22 | F9: 62.61 | G9: —
A10: SCanNet | B10: Published (512 px) | C10: 87.86 | D10: 73.42 | E10: 23.94 | F10: 63.66 | G10: —
A11: ChangeMamba | B11: Published (512 px) | C11: 88.12 | D11: 73.68 | E11: 24.11 | F11: 64.03 | G11: —
A12: Ours: Early Fusion + CE (baseline) | B12: Ours (256 px, ResNet-18, 20 epochs) | C12: 84.145987 | D12: 63.711896 | E12: 7.9740019 | F12: 46.122886 | G12: =E12/E6 -> 0.74593095
A13: Ours: SSCD + CE (baseline) | B13: Ours (256 px, ResNet-18, 20 epochs) | C13: 85.92199 | D13: 68.015423 | E13: 13.591085 | F13: 52.479666 | G13: =E13/E8 -> 0.62173307
A14: Ours: Bi-SRNet-lite + CE (baseline) | B14: Ours (256 px, ResNet-18, 20 epochs) | C14: 85.752088 | D14: 68.650659 | E14: 14.244832 | F14: 53.360468 | G14: =E14/E9 -> 0.61347254
A15: Ours: Bi-SRNet-lite + WCE + Dice | B15: Ours (256 px, ResNet-18, 20 epochs) | C15: 84.265457 | D15: 68.968917 | E15: 15.381859 | F15: 53.876614 | G15: =E15/E9 -> 0.6624401
A17: Published values as tabulated in Mamba-FCS (arXiv:2508.08232), Table II. 'Share of published SeK' compares each of our models with the paper version of the same design (Early Fusion ↔ HRSCD-str.2, SSCD ↔ SSCD-l, Bi-SRNet-lite ↔ Bi-SRNet).

Sheet Predictions
A1: What the best model actually predicts
A2: What this sheet shows: four test image pairs: the two photos, the true labels, and the best model's prediction. White = no change; colours = land-cover class (legend under the picture).
A3: Key takeaway: Large changes such as new buildings are found well; thin or small changed areas are often missed, which matches the error analysis.

Sheet Methods & References
A1: Every model and technique used, with its source
A2: What this sheet shows: the paper behind each component, with a clickable link. Full details and code locations: docs/REFERENCES.md in the repository.
A3: Key takeaway: All models and techniques come from published work; this project's contribution is the controlled comparison and the error analysis.
A5: Type | B5: Component | C5: Paper | D5: Link
A6: Dataset & metric | B6: SECOND dataset; SeK, Fscd, mIoU, OA | C6: Yang et al., IEEE TGRS 2022 | D6: https://arxiv.org/abs/2010.05687
A7: Architecture | B7: Early Fusion (HRSCD strategy 2) | C7: Daudt et al., CVIU 2019 | D7: https://arxiv.org/abs/1810.08452
A8: Architecture | B8: SSCD (SSCD-l) | C8: Ding et al., IEEE TGRS 2022 | D8: https://arxiv.org/abs/2108.06103
A9: Architecture | B9: Bi-SRNet-lite (Bi-SRNet) and consistency loss | C9: Ding et al., IEEE TGRS 2022 | D9: https://arxiv.org/abs/2108.06103
A10: Encoder | B10: ResNet-18, ImageNet pre-trained | C10: He et al., CVPR 2016 | D10: https://arxiv.org/abs/1512.03385
A11: Decoder | B11: Feature Pyramid Network style | C11: Lin et al., CVPR 2017 | D11: https://arxiv.org/abs/1612.03144
A12: Attention | B12: Attention between the two dates (non-local style) | C12: Wang et al., CVPR 2018 | D12: https://arxiv.org/abs/1711.07971
A13: Attention gate | B13: Zero-initialised residual gate | C13: Zhang et al. (SAGAN), ICML 2019 | D13: https://arxiv.org/abs/1805.08318
A14: Imbalance | B14: Median-frequency balancing | C14: Eigen & Fergus, ICCV 2015 | D14: https://arxiv.org/abs/1411.4734
A15: Imbalance | B15: Class-balanced loss (effective number) | C15: Cui et al., CVPR 2019 | D15: https://arxiv.org/abs/1901.05555
A16: Imbalance | B16: Focal loss | C16: Lin et al., ICCV 2017 | D16: https://arxiv.org/abs/1708.02002
... A27: Comparison only | B27: FD-ProtoSCD (imbalanced change types) | C27: Remote Sensing 2026 | D27: https://www.mdpi.com/2072-4292/18/17/2957
A29: Details for the dataset and change-detection papers were checked against their arXiv pages. Confirm the venue and year of the others before citing them in a paper.

Sheet Setup
A1: How the experiments were run
A2: What this sheet shows: the settings shared by every run, and exact definitions of the scores.
A3: Key takeaway: Every run used the same data split, seed, encoder and training schedule, so differences between rows come only from the design or technique being tested.
A5: Item | B5: Value
A6: Data | B6: SECOND public training release: 2,968 image pairs, resized from 512 to 256 pixels
A7: Split | B7: Random 70/10/20 (seed 0): 2,077 train / 296 validation / 595 test
A8: Cross-validation | B8: Train + validation (2,373 pairs) re-split into 3 folds (seed 1); test split unchanged
A9: Augmentation | B9: Random horizontal/vertical flips, 90° rotations, and swapping the before/after images
A10: Encoder | B10: ResNet-18 pre-trained on ImageNet (torchvision)
A11: Optimiser | B11: AdamW, weight decay 0.0001; learning rate 0.0005 (decoders), 0.0001 (encoder)
A12: Schedule | B12: One-cycle schedule with 10% warm-up; 20 epochs; batch size 8
A13: Baseline loss | B13: BCE (change) + 0.5 × CE (class, only on changed pixels) [+ consistency loss for Bi-SRNet-lite]
A14: Model selection | B14: Keep the epoch with the best validation SeK; score it once on the test split
A15: Hardware | B15: Apple M4 laptop, 16 GB RAM, PyTorch on the Apple GPU (MPS); about 10 min (Early Fusion) to 22 min per run
A16: Software | B16: Python 3.11, PyTorch 2.14, torchvision 0.29 (see requirements.txt)
... A21: Code | B21: github.com/Chrishabh2002/Second (train.py, scd.py, run_all.sh, run_cv.sh)

Sheet Next Steps
A1: Next steps towards a publication
A2: What this sheet shows: the plan, in order of priority. Full plan: docs/ROADMAP.md in the repository.
A3: Key takeaway: The main missing piece is a new method. The planned one is a transition-aware loss that targets the biggest error found here: missed changes on rare types of change.
A5: # | B5: Step | C5: Why | D5: Time
A6: 1 | B6: Add 2 more seeds for the best configurations (cross-validation is done) | C6: Makes the small gaps between the top techniques testable | D6: About 1 day
A7: 2 | B7: Tune the change threshold on the validation split | C7: Missed changes are the largest error | D7: Hours, no retraining
A8: 3 | B8: Train the best configuration for 40 epochs | C8: In CV its best epoch was often the last one | D8: About 45 min
A9: 4 | B9: Fix or drop OHEM (keep 50–70% of pixels) | C9: The default setting failed | D9: 2–3 runs
A10: 5 | B10: Transition-aware loss (new method) | C10: Weights each pixel by how rare its before → after change is | D10: 1–2 weeks
A11: 6 | B11: Published setting on a GPU (512 px, larger encoder, 50+ epochs) | C11: Needed to compare with published models | D11: About 1 week
A12: 7 | B12: Second dataset (Landsat-SCD) | C12: Shows the gain is not specific to SECOND | D12: About 1 week
A13: 8 | B13: Write the paper (IEEE GRSL / IGARSS / MDPI Remote Sensing) | C13: Venue to be chosen with the supervisor | D13: 2–3 weeks
